id ,username        ,email                      ,designation                  ,phonenumber  ,employeeId
1 ,AaravVerma      ,aarav.verma@gmail.com      ,Software Engineer            ,9876543210  ,EMP1001
2 ,AishaGupta      ,aisha.gupta@gmail.com      ,UI/UX Designer               ,9876543211  ,EMP1002
3 ,RohanMehta      ,rohan.mehta@gmail.com      ,Data Scientist               ,9876543212  ,EMP1003
4 ,KavyaReddy      ,kavya.reddy@gmail.com      ,HR Manager                   ,9876543213  ,EMP1004
5 ,AryanPatil      ,aryan.patil@gmail.com      ,Business Analyst             ,9876543214  ,EMP1005
6 ,MeeraIyer       ,meera.iyer@gmail.com       ,Product Manager              ,9876543215  ,EMP1006
7 ,AdityaSharma    ,aditya.sharma@gmail.com    ,Software Developer           ,9876543216  ,EMP1007
8 ,SnehaBose       ,sneha.bose@gmail.com       ,Marketing Manager            ,9876543217  ,EMP1008
9 ,RahulSingh      ,rahul.singh@gmail.com      ,Network Engineer             ,9876543218  ,EMP1009
10 ,AnanyaDas       ,ananya.das@gmail.com       ,Graphic Designer             ,9876543219  ,EMP1010
11 ,VarunJoshi      ,varun.joshi@gmail.com      ,Cybersecurity Analyst        ,9876543220  ,EMP1011
12 ,PoojaMishra     ,pooja.mishra@gmail.com     ,Project Manager              ,9876543221  ,EMP1012
13 ,VikramRao       ,vikram.rao@gmail.com       ,Systems Engineer             ,9876543222  ,EMP1013
14 ,DivyaNair       ,divya.nair@gmail.com       ,SEO Specialist               ,9876543223  ,EMP1014
15 ,NeelKumar       ,neel.kumar@gmail.com       ,DevOps Engineer              ,9876543224  ,EMP1015
16 ,SanyaMalhotra   ,sanya.malhotra@gmail.com   ,Social Media Manager         ,9876543225  ,EMP1016
17 ,KarthikShetty   ,karthik.shetty@gmail.com   ,AI Engineer                  ,9876543226  ,EMP1017
18 ,RitikaChopra    ,ritika.chopra@gmail.com    ,Legal Advisor                ,9876543227  ,EMP1018
19 ,ManishYadav     ,manish.yadav@gmail.com     ,Backend Developer            ,9876543228  ,EMP1019
20 ,IshitaRoy       ,ishita.roy@gmail.com       ,Frontend Developer           ,9876543229  ,EMP1020
21 ,SiddharthBhat   ,siddharth.bhat@gmail.com   ,Cloud Architect              ,9876543230  ,EMP1021
22 ,NidhiShah       ,nidhi.shah@gmail.com       ,Financial Analyst            ,9876543231  ,EMP1022
23 ,HarshTiwari     ,harsh.tiwari@gmail.com     ,IT Consultant                ,9876543232  ,EMP1023
24 ,SimranKapoor    ,simran.kapoor@gmail.com    ,Medical Researcher           ,9876543233  ,EMP1024
25 ,RajeshPillai    ,rajesh.pillai@gmail.com    ,Database Administrator       ,9876543234  ,EMP1025
26 ,TanviDesai      ,tanvi.desai@gmail.com      ,Operations Manager           ,9876543235  ,EMP1026
27 ,GautamNaik      ,gautam.naik@gmail.com      ,Game Developer               ,9876543236  ,EMP1027
28 ,SwatiChatterjee ,swati.chatterjee@gmail.com ,Tech Support Specialist      ,9876543237  ,EMP1028
29 ,NikhilBansal    ,nikhil.bansal@gmail.com    ,Content Writer               ,9876543238  ,EMP1029
30 ,PriyaGarg       ,priya.garg@gmail.com       ,Electrical Engineer          ,9876543239  ,EMP1030
31 ,AmitChoudhury   ,amit.choudhury@gmail.com   ,Mechanical Engineer          ,9876543240  ,EMP1031
32 ,RheaMenon       ,rhea.menon@gmail.com       ,Biomedical Scientist         ,9876543241  ,EMP1032
33 ,SureshPanda     ,suresh.panda@gmail.com     ,Quality Assurance Engineer   ,9876543242  ,EMP1033
34 ,LavanyaKrishnan ,lavanya.krishnan@gmail.com ,Video Editor                 ,9876543243  ,EMP1034
35 ,ArjunKapoor     ,arjun.kapoor@gmail.com     ,Motion Graphics Designer     ,9876543244  ,EMP1035
36 ,ShreyaDutta     ,shreya.dutta@gmail.com     ,Customer Service Manager     ,9876543245  ,EMP1036
37 ,VivekRastogi    ,vivek.rastogi@gmail.com    ,Environmental Scientist      ,9876543246  ,EMP1037
38 ,TanyaVerma      ,tanya.verma@gmail.com      ,Marketing Strategist         ,9876543247  ,EMP1038
39 ,DineshChauhan   ,dinesh.chauhan@gmail.com   ,Security Analyst             ,9876543248  ,EMP1039
40 ,NehaSinghania   ,neha.singhania@gmail.com   ,Research Associate           ,9876543249  ,EMP1040
41 ,KiranJoshi      ,kiran.joshi@gmail.com      ,Public Relations Manager     ,9876543250  ,EMP1041
42 ,BhavnaRawat     ,bhavna.rawat@gmail.com     ,Business Development Manager ,9876543251  ,EMP1042
43 ,SandeepMalik    ,sandeep.malik@gmail.com    ,Event Coordinator            ,9876543252  ,EMP1043
44 ,JasminePaul     ,jasmine.paul@gmail.com     ,Full-Stack Developer         ,9876543253  ,EMP1044
45 ,YashwantGoyal   ,yashwant.goyal@gmail.com   ,Healthcare Analyst           ,9876543254  ,EMP1045
46 ,MadhaviKaur     ,madhavi.kaur@gmail.com     ,Supply Chain Manager         ,9876543255  ,EMP1046
47 ,SohailMerchant  ,sohail.merchant@gmail.com  ,Cryptography Expert          ,9876543256  ,EMP1047
48 ,PallaviTripathi ,pallavi.tripathi@gmail.com ,E-commerce Manager           ,9876543257  ,EMP1048
49 ,RajatDeshmukh   ,rajat.deshmukh@gmail.com   ,Embedded Systems Engineer    ,9876543258  ,EMP1049
50 ,EshaMukherjee   ,esha.mukherjee@gmail.com   ,Data Engineer                ,9876543259  ,EMP1050
